words;tags
Изредка;ADV
скворцы;NOUN
возвращаются;VERB
к;PREP
своим;ADJ
домам;NOUN
покружатся;VERB
в;PREP
воздухе;NOUN
просядут;VERB
на;PREP
ветки;NOUN
около;PREP
скворещников;NOUN
просвищат;VERB
какой-нибуть;ADJ
новый;ADJ
матив;NOUN
и;CONJ
улетит;VERB
Только;ADV
иногда;ADV
раздается;VERB
звук;NOUN
падующих;VERB
шишик;NOUN
На;PREP
другой;ADJ
день;NOUN
Витя;NOUN
предложыл;VERB
пойдёте;VERB
за;PREP
грибами;NOUN
ребята;NOUN
Чернолебяжья;ADJ
динамика;NOUN
это;PART
цепь;NOUN
самых;ADJ
важных;ADJ
событий;NOUN
Да;PART
и;CONJ
содержимое;NOUN
баночек;NOUN
не;PART
уступает;VERB
оформлению;NOUN
а;CONJ
некоторые;ADJ
сорта;NOUN
и;CONJ
вовсе;ADV
становятся;VERB
общепризнанными;ADJ
ТОП'ами;NOUN
Вот;ADV
один;ADJ
такой;ADJ
излюбленный;ADJ
нами;PRON
Смузи;NOUN
мы;PRON
и;CONJ
подключили;VERB
на;PREP
кран;NOUN
Да-да;INTJ
тот;ADJ
самый;ADJ
с;PREP
дракончиком;NOUN
Фо-бо;NOUN
новый;ADJ
Спешл;NOUN
нашего;ADJ
меню;NOUN
Каюты;NOUN
поразили;VERB
моё;ADJ
воображение;NOUN
так;CONJ
как;CONJ
привыкнув;VERB
к;PREP
парусным;ADJ
яхтам;NOUN
где;CONJ
всё;PRON
очень;ADV
эргономично;ADJ
Комфортная;ADJ
стоматология;NOUN
не;PART
хуже;COMP
массажа;NOUN
или;CONJ
спа;NOUN
а;CONJ
порой;ADV
так;ADV
же;PART
приятна;ADJ
например;ADV
если;CONJ
вы;PRON
выбираете;VERB
отбеливание;NOUN
или;CONJ
профгигиену;NOUN
то;CONJ
получаете;VERB
пользу;NOUN
в;PREP
тот;ADJ
же;PART
день;NOUN
Какое;ADJ
нарушение;NOUN
ПДД;NOUN
совершил;VERB
ученик;NOUN
сегодня;ADV
на;PREP
Обручевском;ADJ
кольце;NOUN
Это;PRON
гарантирует;VERB
устойчивое;ADJ
водообеспечение;NOUN
сельскохозяйственных;ADJ
нужд;NOUN
субъектов;NOUN
РФ;NOUN
навигацию;NOUN
энергетику;NOUN
и;CONJ
жилищно-коммунальное;ADJ
хозяйство;NOUN
Лучше;COMP
использовать;VERB
другие;ADJ
методы;NOUN
экзаменовки;NOUN
Будучи;VERB
подчинен;VERB
указанной;VERB
узкой;ADJ
задаче;NOUN
признак;NOUN
н-мерности;NOUN
не;PART
объясняет;VERB
многие;ADJ
свойства;NOUN
конкретных;ADJ
предлогов;NOUN
Мой;ADJ
друг;NOUN
Паша;NOUN
Коробкин;NOUN
подарил;VERB
мне;PRON
вот;PART
такую;ADJ
тишку;NOUN
Первый;NUM
наш;ADJ
мерч;NOUN
по;PREP
сути;NOUN
Сейчас;ADV
учусь;VERB
на;PREP
заочке;NOUN
ВГПУ;NOUN
на;PREP
логопеда;NOUN
вроде;PART
на;PREP
3;NUM
курсе;NOUN
пока;ADV
Бюджетная;ADJ
палетка;NOUN
тянутся;VERB
неплохо;ADV
в;PREP
жизни;NOUN
более;COMP
носибельный;ADJ
выглядит;VERB
и;CONJ
не;PART
так;ADV
ярко;ADV
как;CONJ
на;PREP
фото;NOUN
Пишите;VERB
в;PREP
личку;NOUN
наша;ADJ
команда;NOUN
будет;VERB
рада;ADJ
сделать;VERB
вас;PRON
ещё;ADV
богаче;COMP
Иногда;ADV
невестам;NOUN
удобнее;COMP
приехать;VERB
ко;PREP
мне;PRON
в;PREP
студию;NOUN
я;PRON
в;PREP
самом;ADJ
центре;NOUN
до;PREP
ЗАГСа;NOUN
10;NUM
минут;NOUN
прогулочным;ADJ
шагом;NOUN
А;CONJ
позже;COMP
в;PREP
МФТИ;NOUN
появилось;VERB
направление;NOUN
бакалавриата;NOUN
и;CONJ
магистратуры;NOUN
Компьютерная;ADJ
лингвистика;NOUN
Пила;NOUN
шла;VERB
не;PART
так;ADV
ловко;ADV
